Wall time,Step,Value
1523801149.362907,300,318495.0625
1523801364.332598,500,284648.125
1523801579.271149,700,327573.6875
1523801686.551748,800,249309.109375
1523801793.948487,900,290008.59375
1523801901.327356,1000,287785.375
1523802008.8522,1100,325593.59375
1523802116.34569,1200,288333.625
1523809694.878383,300,260823.671875
1523809910.0881,500,310582.4375
1523810017.787951,600,356390.65625
1523810125.688058,700,334921.75
1523810449.382656,1000,247624.125
1523810557.161538,1100,271377.40625
1523810772.515989,1300,268699.21875
1523810987.904413,1500,339434.6875
1523811527.539604,2000,339271.5
1523811635.334308,2100,251986.578125
1523811743.076336,2200,272085.59375
1523811850.743785,2300,288227.34375
1523811908.266843,2333,284336.1875
1523812015.996009,2433,262314.4375
1523812124.019144,2533,300806.78125
1523812231.632434,2633,270628.34375
1523812339.59413,2733,263374.96875
1523812554.938918,2933,258858.890625
1523812662.672489,3033,234318.984375
1523812770.740717,3133,279885.875
1523812986.284808,3333,271128.09375
1523813094.053649,3433,247635.640625
1523813309.534066,3633,386613.375
1523813524.602508,3833,299328.125
1523813632.166759,3933,280266.625
1523813847.437616,4133,285788.0625
1523813955.019746,4233,283813.71875
1523814062.792163,4333,225686.640625
1523814170.415758,4433,230086.125
1523815300.448859,5466,215872.6875
1523815408.071231,5566,265040.375
1523815623.20743,5766,251471.875
1523816053.470966,6166,260148.53125
1523816483.331238,6566,278936.03125
1523816590.803583,6666,259351.96875
1523816698.806682,6766,200397.34375
1523816805.996271,6866,240350.203125
1523816913.452683,6966,256194.15625
1523817072.481841,7099,235338.6875
1523817179.858329,7199,202857.40625
1523817287.300872,7299,222529.0625
1523817394.752305,7399,266437.78125
1523817502.110076,7499,235560.96875
1523817609.532109,7599,225469.84375
1523817824.377811,7799,283455.625
1523817932.494155,7899,305204.625
1523818255.539641,8199,219478.109375
1523818577.995007,8499,197644.15625
1523818685.491776,8599,236346.0625
1523819007.537278,8899,205692.625
1523819115.003397,8999,202711.3125
1523819222.85516,9099,284327.28125
1523819330.44574,9199,220461.375
1523819811.613231,9632,225654.96875
1523819918.933476,9732,223564.25
1523820133.976962,9932,180673.90625
1523820778.035048,10532,218714.9375
1523820885.557918,10632,211757.078125
1523820993.111662,10732,238133.8125
1523821207.962476,10932,214374.0625
1523821530.458854,11232,227973.53125
1523821745.259162,11432,253369.3125
1523821852.633165,11532,224253.0
1523821959.95137,11632,215531.96875
1523822118.987603,11765,223729.5625
1523822333.893569,11965,266963.625
1523822441.101353,12065,225175.1875
1523822548.818493,12165,262997.75
1523822656.150582,12265,223082.703125
1523822763.395221,12365,179738.90625
1523822871.094285,12465,260864.78125
1523823193.194133,12765,211899.0
1523823300.768904,12865,212315.75
1523823408.249146,12965,236175.609375
1523823623.666934,13165,215123.515625
1523823731.204211,13265,193362.5625
1523824161.073219,13665,194925.921875
1523824268.630468,13765,173000.84375
1523824375.987176,13865,208132.453125
1523824483.39857,13965,203592.46875
1523824642.380928,14098,208411.734375
1523824749.745446,14198,178939.859375
1523824857.033682,14298,193340.90625
1523825179.202209,14598,221770.0
1523825393.841499,14798,150797.375
1523825501.203203,14898,211299.671875
1523825716.037488,15098,243123.515625
1523825823.332198,15198,172234.46875
1523826253.003806,15598,164036.984375
1523826360.672974,15698,184253.6875
1523826468.058814,15798,198927.1875
1523826575.494715,15898,210831.65625
1523826790.662981,16098,176658.734375
1523826897.985776,16198,168975.84375
1523827005.530439,16298,191679.21875
1523827057.591767,16331,183774.859375
1523827272.729093,16531,213461.8125
1523827379.952079,16631,171286.90625
1523827487.352171,16731,190956.796875
1523827595.037453,16831,138655.03125
1523827702.582307,16931,188702.859375
1523827809.846958,17031,185219.0
1523828024.97771,17231,161088.484375
1523828132.4318,17331,209812.3125
1523828240.194092,17431,152329.6875
1523828347.605786,17531,172501.140625
1523828562.756146,17731,186263.5625
1523828777.751037,17931,143808.953125
1523828885.133852,18031,183424.203125
1523828992.51112,18131,146848.78125
1523829099.897538,18231,139273.203125
1523829422.365175,18531,166901.109375
1523829529.890074,18631,172032.4375
1523829689.357503,18764,172024.015625
1523830012.258556,19064,199113.78125
1523830119.596487,19164,148197.3125
1523830442.034698,19464,170467.1875
1523830549.291858,19564,151061.46875
1523830871.954581,19864,192849.1875
1523830979.332297,19964,160797.546875
1523831086.75932,20064,202762.78125
1523831194.256506,20164,179080.21875
1523831301.792174,20264,202613.53125
1523831409.215584,20364,165488.09375
1523831517.026566,20464,154244.21875
1523831840.643429,20764,146475.6875
1523832055.577002,20964,167591.0625
1523832107.120398,20997,155968.90625
1523832214.560505,21097,165726.59375
1523832322.039429,21197,155707.640625
1523832429.183838,21297,156584.875
1523832643.835675,21497,164207.0
1523832751.343744,21597,139381.4375
1523832858.766382,21697,153128.84375
1523832966.298245,21797,179326.21875
1523833288.695407,22097,152532.171875
1523833396.089109,22197,124169.15625
1523833503.444319,22297,171411.390625
1523833718.620097,22497,163056.40625
1523833825.767725,22597,132946.875
1523833933.143253,22697,182994.84375
1523834040.365542,22797,164565.125
1523834362.40274,23097,133058.546875
1523834576.757908,23297,180190.75
1523835273.248336,23930,170536.0
1523835487.496651,24130,137467.421875
1523835701.958828,24330,137052.8125
1523836346.780804,24930,130768.234375
1523836668.767428,25230,140518.703125
1523836776.036512,25330,124273.203125
1523836883.337827,25430,144615.75
1523837098.53651,25630,151429.40625
1523837149.943702,25663,142945.375
1523837364.721039,25863,150164.578125
1523837472.010163,25963,161783.28125
1523837793.977249,26263,159422.03125
1523837901.16732,26363,127230.359375
1523838115.936847,26563,103265.78125
1523838223.299041,26663,115948.9921875
1523838545.924883,26963,138781.796875
1523838653.168198,27063,116921.4375
1523838760.558444,27163,172200.15625
1523838867.650847,27263,132672.625
1523838975.189417,27363,125116.8515625
1523839082.59496,27463,104129.4296875
1523839189.839536,27563,175409.640625
1523839297.574417,27663,139552.0
1523839405.407422,27763,121922.828125
1523839512.869843,27863,134199.875
1523839672.061923,27996,119797.84375
1523839887.301543,28196,149730.453125
1523839994.734679,28296,128670.6875
1523840424.577088,28696,122049.09375
1523840532.581001,28796,161901.015625
1523840747.373925,28996,143927.71875
1523840854.987039,29096,105466.828125
1523840962.637,29196,111075.34375
1523841179.001153,29396,160853.828125
1523841393.962421,29596,129140.5703125
1523841501.269633,29696,123665.21875
1523841824.109237,29996,119502.765625
1523842145.956114,30296,117385.875
1523842304.715298,30429,121351.9609375
1523842411.940116,30529,105223.71875
1523842626.537216,30729,137615.828125
1523842733.910284,30829,130307.359375
1523843055.701486,31129,152861.78125
1523843163.036718,31229,123406.984375
1523843270.309847,31329,114279.7109375
1523843485.247641,31529,152354.6875
1523843592.500433,31629,95630.203125
1523843700.071868,31729,116751.9921875
1523843807.449385,31829,125226.59375
1523843914.831477,31929,128482.484375
1523844022.407595,32029,139657.15625
1523844130.083392,32129,127375.84375
1523844237.420368,32229,130852.171875
1523844452.148015,32429,124532.046875
1523844559.68888,32529,92407.03125
1523844718.574539,32662,113647.4375
1523845148.26138,33062,96654.8046875
1523845255.70781,33162,143825.78125
1523845363.930362,33262,108438.5546875
1523845471.387809,33362,120957.0
1523845686.223232,33562,124787.109375
1523845793.50784,33662,97556.25
1523846008.229004,33862,114148.1875
1523846223.2858,34062,118513.9375
1523846438.018715,34262,119577.203125
1523846544.990848,34362,121123.828125
1523846652.20786,34462,117449.71875
1523846759.562983,34562,109232.96875
1523846974.873269,34762,100051.09375
1523847082.210766,34862,93439.359375
1523847241.264734,34995,100807.875
1523847348.743072,35095,113634.203125
1523847563.464777,35295,135599.03125
1523847778.023156,35495,125345.28125
1523847885.16419,35595,106822.9765625
1523848099.636503,35795,107236.6171875
1523848207.506855,35895,117389.6171875
1523848315.427828,35995,103118.984375
1523848422.577565,36095,89799.0625
1523848529.749192,36195,107255.359375
1523848636.993351,36295,101603.359375
1523849066.745565,36695,102651.296875
1523849174.168075,36795,99395.8359375
1523849389.319947,36995,104808.9375
1523849496.733078,37095,117059.375
1523849711.218711,37295,90399.671875
1523849762.611576,37328,104728.296875
1523849977.64332,37528,118763.5625
1523850085.174406,37628,134554.8125
1523850192.788616,37728,110099.78125
1523850300.390588,37828,131507.515625
1523850407.709369,37928,99921.09375
1523850514.971263,38028,96578.625
1523850622.533194,38128,94044.59375
1523850944.634663,38428,104835.0
1523851159.840818,38628,112799.578125
1523851374.753334,38828,92527.765625
1523851589.780644,39028,103121.171875
1523851697.127618,39128,104499.5703125
1523851912.094945,39328,130399.671875
1523852126.734723,39528,117422.53125
1523852286.051631,39661,109434.3671875
1523852501.125191,39861,99183.75
1523852608.340524,39961,105819.1015625
1523852715.586351,40061,122756.9609375
1523853037.462957,40361,106816.359375
1523853252.249334,40561,122744.9140625
1523853467.38669,40761,97132.1875
1523853574.782568,40861,98803.921875
1523853682.279503,40961,96892.890625
1523853790.116587,41061,96506.15625
1523854006.363058,41261,105512.046875
1523854113.696414,41361,85453.703125
1523854221.139171,41461,88915.890625
1523854543.737828,41761,112855.953125
1523854651.164667,41861,95739.71875
1523854810.323809,41994,104973.546875
1523854917.92522,42094,98752.265625
1523855132.085773,42294,87869.890625
1523855454.353924,42594,94978.4921875
1523855669.265287,42794,90612.8984375
1523855776.52077,42894,99855.59375
1523855883.89202,42994,101152.59375
1523855991.182178,43094,95835.6953125
1523856313.41761,43394,88317.390625
1523856851.725699,43894,64077.28125
1523856959.141883,43994,85802.546875
1523857066.396936,44094,100529.0078125
1523857449.741493,44427,108180.984375
1523857558.230802,44527,100705.46875
1523857668.049876,44627,87202.109375
1523857995.98275,44927,99382.015625
1523858104.889329,45027,86835.359375
1523858214.69052,45127,119536.7421875
1523858322.247134,45227,104401.234375
1523858542.393248,45427,113313.0234375
1523858649.517834,45527,92774.7265625
1523858756.675291,45627,96739.4765625
1523858974.408297,45827,81171.140625
1523859081.559127,45927,123548.890625
1523859193.949439,46027,105018.828125
1523859301.202289,46127,98091.4375
1523859520.252634,46327,97752.3671875
1523859735.27199,46527,94386.140625
1523859842.821271,46627,73681.859375
1523860108.755822,46860,90800.3359375
1523860327.599943,47060,109699.78125
1523860434.802665,47160,109326.9921875
1523860542.386549,47260,89965.6328125
1523860867.772466,47560,101488.46875
1523860974.868057,47660,100044.875
1523861189.597637,47860,85090.203125
1523861297.390866,47960,80327.3828125
1523861404.361598,48060,89635.359375
1523861516.096085,48160,89123.0546875
1523861623.222106,48260,101093.9296875
1523861837.711531,48460,88802.921875
1523861944.952962,48560,93560.4453125
1523862052.022515,48660,96542.4375
1523862377.067455,48960,85536.5625
1523862428.507453,48993,98509.46875
1523862535.642845,49093,91870.4453125
1523862642.875571,49193,110761.4453125
1523862750.091904,49293,85391.28125
1523862857.131293,49393,92738.2265625
1523862964.170201,49493,96363.078125
1523863071.418239,49593,110493.765625
1523863178.498412,49693,95627.1875
1523863501.073709,49993,116095.8046875
1523863715.226406,50193,96673.234375
1523863822.235464,50293,94099.484375
1523864143.586778,50593,75670.078125
1523864358.523113,50793,102352.15625
1523864465.464331,50893,91972.953125
1523864679.483164,51093,92184.2578125
1523864894.572481,51293,92265.3828125
1523865053.452441,51426,91182.109375
1523865378.736585,51726,88734.96875
1523865488.31325,51826,86103.515625
1523865595.451069,51926,102303.015625
1523865702.672583,52026,101405.4921875
1523865809.755392,52126,83299.1640625
1523865916.915064,52226,85487.359375
1523866024.29941,52326,83870.9765625
1523866131.960783,52426,100740.7578125
1523866239.004804,52526,93228.6953125
1523866346.010055,52626,85253.546875
1523866453.003853,52726,92851.1875
1523866563.354967,52826,100635.7734375
1523866670.697911,52926,90196.8203125
1523866777.714145,53026,105170.390625
1523866884.868989,53126,96987.28125
1523867099.289244,53326,78896.328125
1523867206.329445,53426,114482.5078125
1523867313.433303,53526,76754.53125
1523867471.923494,53659,82701.0078125
1523867686.281244,53859,73058.90625
1523868008.282487,54159,102629.15625
1523868120.158827,54259,85770.65625
1523868227.606951,54359,116731.0390625
1523868550.462272,54659,89523.15625
1523868658.841571,54759,103122.25
1523868874.175401,54959,73499.34375
1523868981.418087,55059,68974.15625
1523869088.891054,55159,84447.46875
1523869523.236659,55559,76045.125
1523869630.589723,55659,101959.609375
1523869845.888411,55859,95935.140625
1523870112.358652,56092,85250.796875
1523870219.44175,56192,90457.015625
1523870433.707015,56392,95324.3828125
1523870755.476817,56692,111259.09375
1523870862.477524,56792,89230.5234375
1523870969.777644,56892,94718.4375
1523871184.019413,57092,106859.84375
1523871291.827335,57192,84325.0390625
1523871506.313762,57392,73752.1796875
1523871613.350936,57492,112509.828125
1523871721.32595,57592,81389.953125
1523871828.44756,57692,95571.6015625
1523871935.682668,57792,98764.984375
1523872257.336339,58092,91073.6796875
1523872364.377408,58192,75342.25
1523872522.965668,58325,73902.4140625
1523872630.352288,58425,89887.453125
1523872737.252794,58525,73925.109375
1523872845.135054,58625,76296.3125
1523873273.994084,59025,82069.8125
1523873380.882162,59125,79163.9921875
1523873488.012876,59225,80501.875
1523873915.762828,59625,93872.265625
1523874022.81468,59725,92141.328125
1523874129.95119,59825,93630.703125
1523874237.066411,59925,69472.4921875
1523874344.206032,60025,87971.4609375
1523874665.970653,60325,88005.3359375
1523874773.276385,60425,88189.703125
1523874987.293983,60625,99353.5859375
1523875145.791619,60758,99310.6953125
1523875360.277336,60958,80888.53125
1523875574.268383,61158,87328.5078125
1523875681.502292,61258,84182.0078125
1523875895.640878,61458,93457.828125
1523876002.562794,61558,88197.3515625
1523876216.548625,61758,68684.4453125
1523876430.550671,61958,90112.0625
1523876753.306041,62258,86801.7265625
1523876860.473708,62358,84287.359375
1523877074.634926,62558,106244.609375
1523877289.060502,62758,84654.03125
1523877398.369529,62858,83575.8125
1523877560.745122,62991,78557.5
1523877668.592805,63091,95255.9296875
1523877776.104476,63191,87383.28125
1523877990.30037,63391,87198.4375
1523878097.565073,63491,71580.484375
1523878204.769097,63591,89681.34375
1523878311.784731,63691,86343.515625
1523878419.036162,63791,85805.765625
1523878526.095664,63891,80624.703125
1523879062.738486,64391,104164.34375
1523879384.474195,64691,84158.609375
1523879711.743645,64991,111388.984375
1523879925.994894,65191,95615.953125
1523880033.319336,65291,94100.90625
1523880192.063825,65424,94687.171875
1523880406.581426,65624,93580.671875
1523880513.663089,65724,77428.546875
1523880620.835705,65824,78654.546875
1523880942.016621,66124,88810.09375
1523881049.1658,66224,83670.921875
1523881156.510194,66324,85615.765625
1523881263.85487,66424,81033.59375
1523881371.055695,66524,76375.140625
1523881585.440751,66724,84260.390625
1523882015.421947,67124,67695.140625
1523882125.856023,67224,89951.4921875
1523882340.278467,67424,86792.984375
1523882447.460711,67524,79568.7421875
1523882554.59169,67624,87486.65625
1523882605.934269,67657,98847.171875
1523883035.133259,68057,85938.4921875
1523883356.574048,68357,106459.921875
1523883785.800646,68757,69276.078125
1523883892.998383,68857,91111.515625
1523884000.183835,68957,86982.8125
1523884107.378277,69057,89323.4921875
1523884214.799924,69157,77280.0234375
1523884326.864576,69257,86432.515625
1523884434.503791,69357,75619.40625
1523884542.214238,69457,78686.59375
1523884649.740272,69557,73711.015625
1523884864.214406,69757,54339.7734375
1523885078.585834,69957,78876.1171875
1523885130.268445,69990,61407.734375
1523885452.455032,70290,69549.53125
1523885559.788625,70390,72938.140625
1523885774.158076,70590,85465.1875
1523885881.378049,70690,85084.609375
1523885988.562328,70790,98971.75
1523886095.834679,70890,86206.890625
1523886203.045952,70990,73770.4296875
1523886310.207117,71090,62665.4140625
1523886417.508864,71190,111025.765625
1523886846.69652,71590,73413.28125
1523886954.016181,71690,83326.7734375
1523887275.758264,71990,64001.5390625
1523887489.982309,72190,70325.453125
1523887648.959004,72323,68498.609375
1523887863.392256,72523,83719.578125
1523888077.335005,72723,85500.140625
1523888291.364684,72923,68703.2265625
1523888614.218051,73223,79291.296875
1523888721.393967,73323,80618.296875
1523888936.027827,73523,71140.5625
1523889043.249796,73623,63627.2734375
1523889150.281822,73723,80797.34375
1523889471.496944,74023,80262.828125
1523889686.223222,74223,81713.921875
1523890114.873029,74623,63052.859375
1523890166.287473,74656,85216.78125
1523890380.791039,74856,76106.625
1523890488.174434,74956,88463.21875
1523890916.677428,75356,90590.625
1523891023.866509,75456,68553.6484375
1523891350.17061,75756,66311.578125
1523891885.729636,76256,83013.8828125
1523891993.037298,76356,82665.6015625
1523892314.624738,76656,64444.69921875
1523892421.70155,76756,76995.78125
1523892528.674418,76856,69125.5703125
1523893008.440697,77289,71869.953125
1523893115.631485,77389,73475.8203125
1523893222.608529,77489,69075.84375
1523893329.801466,77589,73419.796875
1523893544.016861,77789,73162.4453125
1523893651.129594,77889,67635.609375
1523893758.063438,77989,67527.6796875
1523893972.01577,78189,79537.0390625
1523894079.058817,78289,90624.109375
1523894293.392499,78489,74308.8203125
1523894400.35793,78589,72438.4375
1523894507.43328,78689,74961.609375
1523894721.504071,78889,84162.109375
1523894828.612479,78989,98837.9921875
1523894935.901178,79089,79024.609375
1523895043.099955,79189,83123.34375
1523895150.177908,79289,95914.234375
1523895309.485774,79422,60130.29296875
1523895416.775844,79522,72398.40625
1523895523.796291,79622,88493.09375
1523895742.429799,79822,77620.140625
1523895849.665065,79922,72679.1875
1523896385.777544,80422,96093.5859375
1523896600.132343,80622,77702.71875
1523896921.311152,80922,83392.828125
1523897028.52168,81022,77089.3828125
1523897135.588764,81122,102449.921875
1523897242.728344,81222,76261.9140625
1523897349.82124,81322,80739.65625
1523897671.820511,81622,85692.65625
1523897723.302863,81655,78071.7109375
1523897830.559938,81755,96138.390625
1523897937.572768,81855,61922.62109375
1523898158.755733,82055,90928.640625
1523898265.903191,82155,61080.171875
1523898373.010215,82255,84686.546875
1523898694.994395,82555,89712.8203125
1523898909.718239,82755,76621.40625
1523899016.82901,82855,71320.0
1523899123.671115,82955,71657.390625
1523899230.686394,83055,77036.078125
1523899337.594698,83155,70041.09375
1523899444.768113,83255,64128.9921875
1523899551.833704,83355,87183.171875
1523899766.001584,83555,82591.296875
1523899873.077729,83655,74833.796875
1523900086.896409,83855,73256.921875
1523900193.672838,83955,79499.4140625
1523900244.887451,83988,77766.9765625
1523900458.846479,84188,63289.7421875
1523900780.517253,84488,72650.4140625
1523900887.736545,84588,76156.0234375
1523901103.98679,84788,80041.828125
1523901320.429444,84988,82365.515625
1523901538.554221,85188,65369.83984375
1523901646.56353,85288,87329.5234375
1523902080.646453,85688,72071.0
1523902188.129947,85788,67742.125
1523902404.258219,85988,60435.82421875
1523902511.700815,86088,71613.15625
1523902621.072901,86188,70061.203125
1523902728.633588,86288,75870.59375
1523902780.024057,86321,71392.203125
1523902996.91318,86521,55180.95703125
1523903427.872391,86921,78081.875
1523903535.287989,87021,71798.265625
1523903642.654831,87121,59194.76171875
1523903966.309415,87421,74859.09375
1523904073.295395,87521,79987.03125
1523904396.800904,87821,87113.90625
1523904612.251291,88021,62271.63671875
1523904719.644212,88121,96136.46875
1523904829.445242,88221,78006.640625
1523904936.61669,88321,84361.765625
1523905043.817615,88421,61707.08984375
1523905150.849894,88521,87698.296875
1523905309.419881,88654,75404.5625
1523905416.431136,88754,81519.859375
1523905630.511303,88954,72940.6015625
1523905737.840204,89054,81930.6953125
1523905845.568813,89154,66139.78125
1523905953.902091,89254,70566.6171875
1523906168.008502,89454,82414.03125
1523906382.924142,89654,74644.734375
1523906814.220152,90054,78450.46875
1523907028.415453,90254,74898.3125
1523907350.286157,90554,77036.1484375
1523907458.8618,90654,73354.703125
1523907566.00573,90754,74704.53125
1523907780.168439,90954,77217.84375
1523907831.599823,90987,93754.3984375
1523907938.819922,91087,71723.8125
1523908371.031592,91487,75698.828125
1523908478.715281,91587,87995.375
1523908692.518266,91787,74937.2265625
1523908799.299988,91887,65368.73046875
1523909012.966339,92087,77737.125
1523909120.023665,92187,101661.921875
1523909227.103868,92287,59566.1171875
1523909441.010206,92487,79395.890625
1523909655.018581,92687,88770.171875
1523909976.429201,92987,84605.140625
1523910300.418499,93287,70102.078125
1523910351.817212,93320,76318.796875
1523910566.474532,93520,74358.7109375
1523910673.790711,93620,74223.578125
1523910781.022897,93720,70469.25
1523910888.320837,93820,70247.546875
1523910995.922515,93920,66116.515625
1523911210.219209,94120,70186.4375
1523911317.371325,94220,74448.75
1523911424.581086,94320,82061.0625
1523911746.13257,94620,68488.203125
1523912070.357656,94920,61480.73828125
1523912177.580639,95020,65068.6171875
1523912498.964432,95320,85380.265625
1523912606.239637,95420,74976.1171875
1523913412.661575,96153,66920.1875
1523913519.890776,96253,79067.6796875
1523913627.112395,96353,87973.109375
1523913734.555182,96453,61666.4375
1523913949.171446,96653,76852.734375
1523914163.513289,96853,65643.8359375
1523914270.824867,96953,62987.07421875
1523914378.043758,97053,74722.53125
1523915396.110111,97986,70083.578125
1523915503.099942,98086,71344.1484375
1523915717.145159,98286,79679.21875
1523915824.342751,98386,58095.0625
1523916038.661977,98586,67963.984375
1523916360.368977,98886,89910.25
1523916467.293308,98986,67104.421875
1523916574.326904,99086,74068.796875
1523916896.245215,99386,76633.359375
1523917004.303856,99486,76183.3203125
1523917325.500965,99786,70243.3125
1523917432.974513,99886,73227.2265625
1523917646.937869,100086,63260.28125
1523917754.225811,100186,97437.0
1523917861.120466,100286,67419.0078125
1523917913.369049,100319,98554.890625
1523918236.398397,100619,85746.375
1523918453.999406,100819,81960.546875
1523918561.750781,100919,58914.48046875
1523918669.395443,101019,89215.296875
1523918776.142134,101119,52861.328125
1523918883.192917,101219,75183.9296875
1523918989.880186,101319,77848.7421875
1523919096.809229,101419,74928.90625
1523919203.792925,101519,51013.9765625
1523919418.511187,101719,67483.0078125
1523919632.57624,101919,63934.90625
1523919739.765859,102019,66849.2421875
1523919847.296355,102119,67437.4921875
1523919954.786812,102219,55551.08203125
1523920276.565184,102519,66040.4609375
1523920383.528979,102619,75202.453125
1523920435.633132,102652,75210.640625
1523920542.75195,102752,70737.4140625
1523920650.395687,102852,90640.4375
1523920757.46652,102952,66382.0546875
1523920974.661759,103152,70194.125
1523921618.903377,103752,65899.3359375
1523921833.051114,103952,64516.765625
1523921940.016965,104052,51831.9140625
1523922047.160742,104152,74080.5
1523922154.134297,104252,66496.65625
1523922261.174188,104352,76068.484375
1523922368.563603,104452,72973.0234375
1523922583.072879,104652,68648.453125
1523922691.138265,104752,72824.7578125
1523923174.987105,105185,76538.296875
1523923388.941073,105385,61804.609375
1523923496.172757,105485,79751.90625
1523923924.691092,105885,54707.56640625
1523924247.374408,106185,75496.5625
1523924463.207484,106385,66684.4921875
1523924570.551979,106485,88768.984375
1523924785.887104,106685,76352.4140625
1523925107.39002,106985,72224.953125
1523925214.472445,107085,78954.109375
1523925322.119484,107185,71583.0625
1523925429.060232,107285,66163.546875
1523925480.486795,107318,42375.9453125
1523925592.294987,107418,79172.6953125
1523925703.101192,107518,74035.3203125
1523925814.875409,107618,68454.6484375
1523926037.31458,107818,55717.0390625
1523926148.562174,107918,75827.5390625
1523926582.11895,108318,70679.453125
1523926689.76908,108418,65303.2109375
1523926905.233746,108618,75335.5234375
1523927120.043032,108818,54707.1484375
1523927334.872426,109018,49101.46875
1523927442.487727,109118,68755.90625
1523927765.651626,109418,88838.7890625
1523927981.28622,109618,67606.03125
1523928140.384035,109751,54166.79296875
1523928247.751491,109851,70719.4765625
1523928355.129791,109951,60827.66015625
1523928462.506728,110051,76621.3828125
1523928678.014615,110251,81067.28125
1523929000.196873,110551,68620.734375
1523929107.428104,110651,63166.9921875
1523929214.783216,110751,69176.921875
1523929322.32165,110851,83318.7421875
1523929429.615479,110951,76867.1328125
1523929537.100818,111051,76431.125
1523929645.451683,111151,73019.765625
1523929752.870993,111251,76799.140625
1523929967.73326,111451,76427.4765625
1523930397.319092,111851,74020.78125
1523930504.849188,111951,65846.078125
1523930557.021809,111984,86970.3046875
1523930665.264522,112084,74491.2890625
1523930772.561742,112184,63183.0703125
1523930880.818057,112284,82364.125
1523930988.208048,112384,56601.8203125
1523931095.848892,112484,64840.49609375
1523931203.298428,112584,72845.0703125
1523931310.790325,112684,69421.859375
1523931525.551,112884,86837.421875
1523931633.008206,112984,81827.03125
1523931740.305096,113084,79321.015625
1523932170.22088,113484,62156.30078125
1523932386.240841,113684,83029.7109375
1523932493.843446,113784,64552.3125
1523932601.027841,113884,67843.7734375
1523932708.403087,113984,77574.1171875
1523932815.822616,114084,68419.9296875
1523932923.401364,114184,69804.5859375
1523933082.493051,114317,80993.890625
1523933297.240565,114517,59142.640625
1523933404.827547,114617,82223.0546875
1523933512.666162,114717,70177.6796875
1523933620.040406,114817,55616.71484375
1523933727.532368,114917,62713.73828125
1523934158.59175,115317,60111.171875
1523934266.949135,115417,61598.4921875
1523934374.456632,115517,67814.6796875
1523934481.912372,115617,59203.6015625
1523934589.635326,115717,78545.3515625
1523934696.970085,115817,63197.23828125
1523934912.000143,116017,65506.3359375
1523935127.313462,116217,81681.1328125
1523935234.582812,116317,60306.7421875
1523935449.410108,116517,65958.5
1523935556.814102,116617,85982.84375
1523935715.786936,116750,74541.1171875
1523935823.169078,116850,77207.1875
1523935930.566798,116950,68369.203125
1523936252.907793,117250,80042.921875
1523936360.18357,117350,64452.75390625
1523936467.66609,117450,63511.0546875
1523936574.979012,117550,69751.171875
1523936682.360231,117650,68614.078125
1523936897.399115,117850,60505.89453125
1523937220.774203,118150,61236.3515625
1523937436.856277,118350,79302.21875
1523937651.845766,118550,52014.171875
1523938082.303978,118950,86197.5859375
1523938241.34344,119083,58115.02734375
1523938455.835527,119283,59078.9375
1523938563.169929,119383,72111.671875
1523938670.610467,119483,60508.8515625
1523939101.612606,119883,53377.83984375
1523939209.013667,119983,61801.3125
1523939316.519707,120083,63036.7109375
1523939424.38263,120183,62560.0234375
1523939853.658457,120583,76834.828125
1523939961.029387,120683,73703.734375
1523940176.304152,120883,57434.84375
1523940283.522989,120983,61769.1171875
1523940498.275805,121183,58093.6484375
1523940606.401903,121283,54310.69140625
1523940657.99207,121316,70365.1484375
1523940765.235052,121416,53309.1796875
1523940872.658392,121516,62039.4765625
1523940979.887137,121616,71500.265625
1523941088.185178,121716,78480.5703125
1523941195.454251,121816,49035.64453125
1523941410.347949,122016,67929.21875
1523941732.964628,122316,68189.40625
1523941840.443355,122416,66148.3359375
1523942057.441399,122616,58374.48046875
1523942165.618738,122716,69302.46875
1523942487.959679,123016,51988.265625
1523942595.395473,123116,62406.0390625
1523942702.79004,123216,58846.078125
1523942810.155975,123316,50309.48828125
1523943024.684283,123516,63197.85546875
1523943131.973115,123616,66947.4609375
1523943290.792003,123749,63275.375
1523943398.158585,123849,68935.5
1523943613.343548,124049,62854.25
1523944042.554595,124449,72499.4453125
1523944256.968678,124649,53627.5625
1523944471.476874,124849,58600.7265625
1523944793.556376,125149,64251.765625
1523944900.927244,125249,82189.0
1523945115.507647,125449,77431.265625
1523945330.121511,125649,61997.859375
1523945437.567022,125749,53284.08984375
1523945652.352591,125949,68124.546875
1523945704.349784,125982,55557.09375
1523945812.300316,126082,78446.03125
1523945919.618629,126182,78971.7421875
1523946026.977041,126282,70182.53125
1523946134.494601,126382,73325.09375
1523946349.698919,126582,66439.015625
1523946457.811134,126682,64055.359375
1523946887.930279,127082,58041.5625
1523946995.048361,127182,61756.3984375
1523947103.172764,127282,55576.48046875
1523947318.146984,127482,73764.78125
1523947533.215729,127682,64910.1640625
1523947640.341194,127782,62659.26953125
1523947748.35893,127882,54254.24609375
1523947855.747896,127982,64017.8359375
1523947963.717992,128082,51920.359375
1523948071.171927,128182,61770.19921875
1523948229.929721,128315,77344.5
1523948337.250017,128415,64332.5625
1523948445.056958,128515,65466.08984375
1523948552.2525,128615,63716.0234375
1523948767.443304,128815,63935.7890625
1523949089.872666,129115,65559.7890625
1523949197.209989,129215,51041.9609375
1523949304.593705,129315,52702.24609375
1523949519.231784,129515,59335.03125
1523949734.055013,129715,82030.75
1523949841.549196,129815,78894.328125
1523950056.347115,130015,75145.4140625
1523950271.494355,130215,61227.765625
1523950379.007863,130315,58517.3125
1523950486.356948,130415,62082.23046875
1523950860.340573,130748,85301.40625
1523951075.180306,130948,58228.03125
1523951398.215792,131248,72159.0625
1523951505.726749,131348,69943.6328125
1523951721.197685,131548,67028.921875
1523951828.65568,131648,56602.19140625
1523952043.581075,131848,59745.0
1523952368.029728,132148,71457.7265625
1523952583.276597,132348,76599.1171875
1523952691.418608,132448,73339.140625
1523953122.231835,132848,69540.4453125
1523953282.762973,132981,67478.4296875
1523953389.758123,133081,52543.9375
1523953496.55001,133181,60480.1640625
1523954144.138242,133781,86958.328125
1523954358.707035,133981,59573.30078125
1523954575.734038,134181,72416.84375
1523954791.967573,134381,93662.28125
1523954899.046012,134481,70889.84375
1523955221.367017,134781,60494.55859375
1523955328.601873,134881,69304.0625
1523955436.642069,134981,60578.52734375
1523955545.150405,135081,61882.16796875
1523955652.534014,135181,55894.8828125
1523955759.602078,135281,71418.3125
1523956026.791116,135514,54156.05859375
1523956135.484632,135614,76230.46875
1523956459.167314,135914,62296.171875
1523956566.365654,136014,51288.93359375
1523956673.269811,136114,54485.66796875
1523956887.329678,136314,66970.796875
1523956994.35516,136414,75331.015625
1523957101.645213,136514,54774.16796875
1523957208.825977,136614,63757.74609375
1523957532.489382,136914,80535.4765625
1523957639.582153,137014,56247.67578125
1523957854.370662,137214,70399.3359375
1523957961.690915,137314,63120.8125
1523958068.848993,137414,69381.03125
1523958176.398756,137514,55745.03515625
1523958285.81469,137614,59103.23828125
1523958337.378474,137647,46762.640625
1523958444.718303,137747,66395.2421875
1523958551.759813,137847,54276.3359375
1523958768.403848,138047,56278.3828125
1523958875.737287,138147,63862.5234375
1523959090.186401,138347,62280.62890625
1523959306.676843,138547,75240.578125
1523959627.372625,138847,70052.609375
1523959734.22619,138947,73527.6171875
1523959841.330419,139047,70453.03125
1523959948.229278,139147,57978.69140625
1523960055.30392,139247,61796.6171875
1523960162.395692,139347,63667.875
1523960376.297044,139547,60868.57421875
1523960856.657667,139980,51848.5703125
1523961070.504111,140180,62321.5546875
1523961284.431103,140380,78964.9375
1523961498.31588,140580,67595.375
1523961712.196563,140780,59497.0
1523961926.622081,140980,75296.1640625
1523962033.520566,141080,57491.93359375
1523962247.435697,141280,66814.7734375
1523962568.174529,141580,66134.78125
1523962675.607854,141680,66503.9375
1523962782.613133,141780,57486.9765625
1523962889.69466,141880,69557.4375
1523963371.288171,142313,61652.60546875
1523963478.62561,142413,56752.3984375
1523963585.992695,142513,70198.2578125
1523963693.28732,142613,65565.1875
1523964122.088319,143013,63116.01953125
1523964229.372138,143113,72341.9609375
1523964553.756302,143413,67057.3984375
1523964660.965236,143513,65283.62890625
1523964874.986211,143713,73134.8125
1523965303.044878,144113,69666.6171875
1523965410.784369,144213,62144.7265625
1523965517.796324,144313,60424.046875
1523965625.096186,144413,68719.140625
1523965732.205578,144513,60631.15625
1523965839.514445,144613,56194.20703125
1523966105.54115,144846,55727.81640625
1523966429.936134,145146,52169.79296875
1523966751.902516,145446,62369.16015625
1523966859.098064,145546,61745.71484375
1523966966.478637,145646,45635.5234375
1523967073.80717,145746,73677.34375
1523967183.63676,145846,54628.96484375
1523967397.688804,146046,58965.5859375
1523967504.856018,146146,81639.328125
1523967611.712946,146246,60461.9921875
1523967825.78557,146446,81965.375
1523968039.862303,146646,68456.90625
1523968253.878513,146846,77022.0
1523968519.412323,147079,75809.0
1523968626.551122,147179,66101.84375
1523968840.644704,147379,67791.671875
1523968947.569226,147479,59321.5859375
1523969054.759774,147579,72864.875
1523969483.005164,147979,54964.68359375
1523969589.87058,148079,71584.875
1523969803.8706,148279,51308.19140625
1523970018.025409,148479,67520.7890625
1523970125.041986,148579,56984.1875
1523970232.142391,148679,58876.84765625
1523970339.068711,148779,64084.16015625
1523970446.247728,148879,68997.6953125
1523970553.319163,148979,65756.65625
1523970660.512421,149079,53649.99609375
1523970874.779882,149279,65905.2578125
1523970926.330793,149312,80003.6171875
1523971140.784596,149512,74778.40625
1523971247.554691,149612,54342.09375
1523971355.071903,149712,68435.046875
1523971569.155979,149912,69142.6875
1523971783.428612,150112,58911.28515625
1523971997.692157,150312,52718.734375
1523972104.962618,150412,51887.4375
1523972211.911557,150512,64703.88671875
1523972319.310403,150612,58151.8671875
1523972640.415173,150912,49634.15625
1523972747.476414,151012,68560.953125
1523973068.964337,151312,73424.5625
1523973175.96272,151412,72824.8046875
1523973390.326323,151612,62293.515625
1523973441.823048,151645,69866.7578125
1523973548.793026,151745,65808.0625
1523973762.936454,151945,63344.97265625
1523973870.068396,152045,58534.64453125
1523974084.138195,152245,61915.5078125
1523974191.449241,152345,61526.50390625
1523974298.423996,152445,70888.171875
1523974512.579731,152645,54088.140625
1523974619.642521,152745,57341.96875
1523974726.679065,152845,76294.484375
1523975047.96323,153145,68845.3359375
1523975369.321961,153445,69284.890625
1523975691.417709,153745,58847.96484375
1523975908.646426,153945,69037.078125
1523976067.44516,154078,56460.7890625
1523976282.105533,154278,49986.8125
1523976389.294729,154378,71674.46875
1523976496.602826,154478,60053.1640625
1523976603.662875,154578,51726.671875
1523976710.655927,154678,75475.921875
1523976817.614126,154778,49416.4140625
1523976925.09583,154878,58022.78125
1523977032.650323,154978,70400.15625
1523977353.732899,155278,76688.21875
1523977460.580864,155378,69889.1328125
1523977674.34843,155578,64781.5390625
1523977781.156577,155678,71409.9375
1523977888.305866,155778,60297.75
1523977997.111197,155878,58653.30859375
1523978211.027085,156078,70659.625
1523978318.11339,156178,60912.5390625
1523978425.022463,156278,63358.53125
1523978476.352384,156311,48037.5546875
1523978583.273225,156411,59544.80078125
1523978797.714066,156611,66733.96875
1523978904.789133,156711,69001.5390625
1523979119.058188,156911,66409.96875
1523979440.768609,157211,59661.44140625
1523979547.739333,157311,52072.9375
1523979761.71121,157511,70407.6953125
1523979975.70002,157711,75015.015625
1523980082.602611,157811,73176.1953125
1523980189.504913,157911,55045.47265625
1523980403.879267,158111,69213.9453125
1523980510.849624,158211,59859.9765625
1523980617.83239,158311,60287.7265625
1523980724.804435,158411,60636.5234375
1523980938.840828,158611,64698.7265625
1523981097.285507,158744,61866.015625
1523981204.075513,158844,65028.046875
1523981418.056437,159044,65644.40625
1523981632.083539,159244,62396.74609375
1523981739.224434,159344,69701.5390625
1523981953.084973,159544,68486.3984375
1523982060.0965,159644,64288.6171875
